{
  "kolcsonzok": [
    {
      "id": 1,
      "nev": "Kovács Ádám",
      "szulIdo": "1990-05-15T00:00:00",
      "kolcsonzesek": []
    },
    {
      "id": 2,
      "nev": "Tóth Bianka",
      "szulIdo": "1985-11-23T00:00:00",
      "kolcsonzesek": []
    },
    {
      "id": 3,
      "nev": "Nagy Gergő",
      "szulIdo": "1978-09-02T00:00:00",
      "kolcsonzesek": []
    },
    {
      "id": 4,
      "nev": "Szabó Anna",
      "szulIdo": "1993-03-10T00:00:00",
      "kolcsonzesek": []
    },
    {
      "id": 5,
      "nev": "Horváth Péter",
      "szulIdo": "1980-07-18T00:00:00",
      "kolcsonzesek": []
    },
    {
      "id": 6,
      "nev": "Kiss Katalin",
      "szulIdo": "1975-01-30T00:00:00",
      "kolcsonzesek": []
    },
    {
      "id": 7,
      "nev": "Molnár Bence",
      "szulIdo": "1987-12-04T00:00:00",
      "kolcsonzesek": []
    },
    {
      "id": 8,
      "nev": "Farkas Zsuzsa",
      "szulIdo": "1995-06-28T00:00:00",
      "kolcsonzesek": []
    },
    {
      "id": 9,
      "nev": "Bálint Dávid",
      "szulIdo": "1972-10-07T00:00:00",
      "kolcsonzesek": []
    },
    {
      "id": 10,
      "nev": "Szűcs Eszter",
      "szulIdo": "1983-04-16T00:00:00",
      "kolcsonzesek": []
    },
    {
      "id": 11,
      "nev": "Takács Gábor",
      "szulIdo": "1991-08-22T00:00:00",
      "kolcsonzesek": []
    },
    {
      "id": 12,
      "nev": "Simon Virág",
      "szulIdo": "1979-02-14T00:00:00",
      "kolcsonzesek": []
    },
    {
      "id": 13,
      "nev": "Varga Tamás",
      "szulIdo": "1988-10-31T00:00:00",
      "kolcsonzesek": []
    },
    {
      "id": 14,
      "nev": "Papp Nikolett",
      "szulIdo": "1996-09-09T00:00:00",
      "kolcsonzesek": []
    },
    {
      "id": 15,
      "nev": "Kovács Márton",
      "szulIdo": "1981-12-19T00:00:00",
      "kolcsonzesek": []
    }
  ],
  "kolcsonzesek": [
    {
      "id": "3",
      "kolcsonzoId": "3",
      "iro": "George Orwell",
      "mufaj": "Dystópia",
      "cim": "1984"
    },
    {
      "id": "4",
      "kolcsonzoId": "4",
      "iro": "Harper Lee",
      "mufaj": "Regény",
      "cim": "Ne bántsátok a feketerigót!"
    },
    {
      "id": "5",
      "kolcsonzoId": "5",
      "iro": "Gabriel García Márquez",
      "mufaj": "Realizmus",
      "cim": "Száz év magány"
    },
    {
      "id": "6",
      "kolcsonzoId": "6",
      "iro": "J.R.R. Tolkien",
      "mufaj": "Fantasy",
      "cim": "A Gyűrűk Ura"
    },
    {
      "id": "7",
      "kolcsonzoId": "7",
      "iro": "Jane Austen",
      "mufaj": "Romantikus",
      "cim": "Büszkeség és balítélet"
    },
    {
      "id": "8",
      "kolcsonzoId": "8",
      "iro": "Fyodor Dostoyevsky",
      "mufaj": "Dráma",
      "cim": "Bűn és bűnhődés"
    },
    {
      "id": "9",
      "kolcsonzoId": "9",
      "iro": "Leo Tolstoy",
      "mufaj": "Eposz",
      "cim": "Háború és béke"
    },
    {
      "id": "10",
      "kolcsonzoId": "10",
      "iro": "Mark Twain",
      "mufaj": "Kaland",
      "cim": "Huckleberry Finn kalandjai"
    },
    {
      "id": "11",
      "kolcsonzoId": "1",
      "iro": "Stephen King",
      "mufaj": "Horror",
      "cim": "Az"
    },
    {
      "id": "12",
      "kolcsonzoId": "2",
      "iro": "Gillian Flynn",
      "mufaj": "Thriller",
      "cim": "Én, a lány"
    },
    {
      "id": "13",
      "kolcsonzoId": "3",
      "iro": "Ernest Hemingway",
      "mufaj": "Klasszikus",
      "cim": "Az öreg és a tenger"
    },
    {
      "id": "14",
      "kolcsonzoId": "4",
      "iro": "Virginia Woolf",
      "mufaj": "Modernizmus",
      "cim": "Hullámok"
    },
    {
      "id": "15",
      "kolcsonzoId": "5",
      "iro": "Terry Pratchett",
      "mufaj": "Fantasy",
      "cim": "A Kolorádói óra"
    },
    {
      "id": "16",
      "kolcsonzoId": "6",
      "iro": "Emily Brontë",
      "mufaj": "Romantikus",
      "cim": "Üvöltő szelek"
    },
    {
      "id": "17",
      "kolcsonzoId": "7",
      "iro": "Ray Bradbury",
      "mufaj": "Sci-fi",
      "cim": "451 Fahrenheit"
    },
    {
      "id": "18",
      "kolcsonzoId": "8",
      "iro": "Philip K. Dick",
      "mufaj": "Sci-fi",
      "cim": "A Mátrix"
    },
    {
      "id": "19",
      "kolcsonzoId": "9",
      "iro": "Arthur Conan Doyle",
      "mufaj": "Detektív",
      "cim": "Sherlock Holmes kalandjai"
    },
    {
      "id": "20",
      "kolcsonzoId": "10",
      "iro": "Herman Melville",
      "mufaj": "Klasszikus",
      "cim": "Moby Dick"
    },
    {
      "id": "21",
      "kolcsonzoId": "1",
      "iro": "Suzanne Collins",
      "mufaj": "Sci-fi",
      "cim": "Az éhezők viadala"
    },
    {
      "id": "22",
      "kolcsonzoId": "2",
      "iro": "Margaret Atwood",
      "mufaj": "Dystópia",
      "cim": "A szolgálólány meséje"
    },
    {
      "id": "23",
      "kolcsonzoId": "3",
      "iro": "H.G. Wells",
      "mufaj": "Sci-fi",
      "cim": "A háború a világokban"
    },
    {
      "id": "24",
      "kolcsonzoId": "4",
      "iro": "Roald Dahl",
      "mufaj": "Gyermek",
      "cim": "Matilda"
    },
    {
      "id": "25",
      "kolcsonzoId": "5",
      "iro": "Douglas Adams",
      "mufaj": "Sci-fi",
      "cim": "Galaxis útikalauz stopposoknak"
    },
    {
      "id": "26",
      "kolcsonzoId": "6",
      "iro": "J.D. Salinger",
      "mufaj": "Regény",
      "cim": "Zabhegyező"
    },
    {
      "id": "27",
      "kolcsonzoId": "7",
      "iro": "Ken Kesey",
      "mufaj": "Modernizmus",
      "cim": "A sikoly"
    },
    {
      "id": "28",
      "kolcsonzoId": "8",
      "iro": "Kazuo Ishiguro",
      "mufaj": "Fikció",
      "cim": "Az eltemetett óriás"
    },
    {
      "id": "29",
      "kolcsonzoId": "9",
      "iro": "Aldous Huxley",
      "mufaj": "Sci-fi",
      "cim": "Szép új világ"
    },
    {
      "id": "30",
      "kolcsonzoId": "10",
      "iro": "Michael Crichton",
      "mufaj": "Sci-fi",
      "cim": "Jurassic Park"
    }
  ]
}